Name,Number,Image,Type1,Type2
Bulbasaur,0001,70px-0001Bulbasaur.png,Grass,Poison
Ivysaur,0002,70px-0002Ivysaur.png,Grass,Poison
Venusaur,0003,70px-0003Venusaur.png,Grass,Poison
Charmander,0004,70px-0004Charmander.png,Fire,
Charmeleon,0005,70px-0005Charmeleon.png,Fire,
Charizard,0006,70px-0006Charizard.png,Fire,Flying
Squirtle,0007,70px-0007Squirtle.png,Water,
Wartortle,0008,70px-0008Wartortle.png,Water,
Blastoise,0009,70px-0009Blastoise.png,Water,
Caterpie,0010,70px-0010Caterpie.png,Bug,
Metapod,0011,70px-0011Metapod.png,Bug,
Butterfree,0012,70px-0012Butterfree.png,Bug,Flying
Weedle,0013,70px-0013Weedle.png,Bug,Poison
Kakuna,0014,70px-0014Kakuna.png,Bug,Poison
Beedrill,0015,70px-0015Beedrill.png,Bug,Poison
Pidgey,0016,70px-0016Pidgey.png,Normal,Flying
Pidgeotto,0017,70px-0017Pidgeotto.png,Normal,Flying
Pidgeot,0018,70px-0018Pidgeot.png,Normal,Flying
Rattata,0019,70px-0019Rattata.png,Normal,
Rattata - Alolan Form,0019,70px-0019Rattata-Alola.png,Dark,Normal
Raticate,0020,70px-0020Raticate.png,Normal,
Raticate - Alolan Form,0020,70px-0020Raticate-Alola.png,Dark,Normal
Spearow,0021,70px-0021Spearow.png,Normal,Flying
Fearow,0022,70px-0022Fearow.png,Normal,Flying
Ekans,0023,70px-0023Ekans.png,Poison,
Arbok,0024,70px-0024Arbok.png,Poison,
Pikachu,0025,70px-0025Pikachu.png,Electric,
Raichu,0026,70px-0026Raichu.png,Electric,
Raichu - Alolan Form,0026,70px-0026Raichu-Alola.png,Electric,Psychic
Sandshrew,0027,70px-0027Sandshrew.png,Ground,
Sandshrew - Alolan Form,0027,70px-0027Sandshrew-Alola.png,Ice,Steel
Sandslash,0028,70px-0028Sandslash.png,Ground,
Sandslash - Alolan Form,0028,70px-0028Sandslash-Alola.png,Ice,Steel
Nidoran♀,0029,70px-0029Nidoran.png,Poison,
Nidorina,0030,70px-0030Nidorina.png,Poison,
Nidoqueen,0031,70px-0031Nidoqueen.png,Poison,Ground
Nidoran♂,0032,70px-0032Nidoran.png,Poison,
Nidorino,0033,70px-0033Nidorino.png,Poison,
Nidoking,0034,70px-0034Nidoking.png,Poison,Ground
Clefairy,0035,70px-0035Clefairy.png,Fairy,
Clefable,0036,70px-0036Clefable.png,Fairy,
Vulpix,0037,70px-0037Vulpix.png,Fire,
Vulpix - Alolan Form,0037,70px-0037Vulpix-Alola.png,Ice,
Ninetales,0038,70px-0038Ninetales.png,Fire,
Ninetales - Alolan Form,0038,70px-0038Ninetales-Alola.png,Ice,Fairy
Jigglypuff,0039,70px-0039Jigglypuff.png,Normal,Fairy
Wigglytuff,0040,70px-0040Wigglytuff.png,Normal,Fairy
Zubat,0041,70px-0041Zubat.png,Poison,Flying
Golbat,0042,70px-0042Golbat.png,Poison,Flying
Oddish,0043,70px-0043Oddish.png,Grass,Poison
Gloom,0044,70px-0044Gloom.png,Grass,Poison
Vileplume,0045,70px-0045Vileplume.png,Grass,Poison
Paras,0046,70px-0046Paras.png,Bug,Grass
Parasect,0047,70px-0047Parasect.png,Bug,Grass
Venonat,0048,70px-0048Venonat.png,Bug,Poison
Venomoth,0049,70px-0049Venomoth.png,Bug,Poison
Diglett,0050,70px-0050Diglett.png,Ground,
Diglett - Alolan Form,0050,70px-0050Diglett-Alola.png,Ground,Steel
Dugtrio,0051,70px-0051Dugtrio.png,Ground,
Dugtrio - Alolan Form,0051,70px-0051Dugtrio-Alola.png,Ground,Steel
Meowth,0052,70px-0052Meowth.png,Normal,
Meowth - Alolan Form,0052,70px-0052Meowth-Alola.png,Dark,
Meowth - Galarian Form,0052,70px-0052Meowth-Galar.png,Steel,
Persian,0053,70px-0053Persian.png,Normal,
Persian - Alolan Form,0053,70px-0053Persian-Alola.png,Dark,
Psyduck,0054,70px-0054Psyduck.png,Water,
Golduck,0055,70px-0055Golduck.png,Water,
Mankey,0056,70px-0056Mankey.png,Fighting,
Primeape,0057,70px-0057Primeape.png,Fighting,
Growlithe,0058,70px-0058Growlithe.png,Fire,
Growlithe - Hisuian Form,0058,70px-0058Growlithe-Hisui.png,Fire,Rock
Arcanine,0059,70px-0059Arcanine.png,Fire,
Arcanine - Hisuian Form,0059,70px-0059Arcanine-Hisui.png,Fire,Rock
Poliwag,0060,70px-0060Poliwag.png,Water,
Poliwhirl,0061,70px-0061Poliwhirl.png,Water,
Poliwrath,0062,70px-0062Poliwrath.png,Water,Fighting
Abra,0063,70px-0063Abra.png,Psychic,
Kadabra,0064,70px-0064Kadabra.png,Psychic,
Alakazam,0065,70px-0065Alakazam.png,Psychic,
Machop,0066,70px-0066Machop.png,Fighting,
Machoke,0067,70px-0067Machoke.png,Fighting,
Machamp,0068,70px-0068Machamp.png,Fighting,
Bellsprout,0069,70px-0069Bellsprout.png,Grass,Poison
Weepinbell,0070,70px-0070Weepinbell.png,Grass,Poison
Victreebel,0071,70px-0071Victreebel.png,Grass,Poison
Tentacool,0072,70px-0072Tentacool.png,Water,Poison
Tentacruel,0073,70px-0073Tentacruel.png,Water,Poison
Geodude,0074,70px-0074Geodude.png,Rock,Ground
Geodude - Alolan Form,0074,70px-0074Geodude-Alola.png,Rock,Electric
Graveler,0075,70px-0075Graveler.png,Rock,Ground
Graveler - Alolan Form,0075,70px-0075Graveler-Alola.png,Rock,Electric
Golem,0076,70px-0076Golem.png,Rock,Ground
Golem - Alolan Form,0076,70px-0076Golem-Alola.png,Rock,Electric
Ponyta,0077,70px-0077Ponyta.png,Fire,
Ponyta - Galarian Form,0077,70px-0077Ponyta-Galar.png,Psychic,
Rapidash,0078,70px-0078Rapidash.png,Fire,
Rapidash - Galarian Form,0078,70px-0078Rapidash-Galar.png,Psychic,Fairy
Slowpoke,0079,70px-0079Slowpoke.png,Water,Psychic
Slowpoke - Galarian Form,0079,70px-0079Slowpoke-Galar.png,Psychic,
Slowbro,0080,70px-0080Slowbro.png,Water,Psychic
Slowbro - Galarian Form,0080,70px-0080Slowbro-Galar.png,Poison,Psychic
Magnemite,0081,70px-0081Magnemite.png,Electric,Steel
Magneton,0082,70px-0082Magneton.png,Electric,Steel
Farfetch'd,0083,70px-0083Farfetch%27d.png,Normal,Flying
Farfetch'd - Galarian Form,0083,70px-0083Farfetch%27d-Galar.png,Fighting,
Doduo,0084,70px-0084Doduo.png,Normal,Flying
Dodrio,0085,70px-0085Dodrio.png,Normal,Flying
Seel,0086,70px-0086Seel.png,Water,
Dewgong,0087,70px-0087Dewgong.png,Water,Ice
Grimer,0088,70px-0088Grimer.png,Poison,
Grimer - Alolan Form,0088,70px-0088Grimer-Alola.png,Poison,Dark
Muk,0089,70px-0089Muk.png,Poison,
Muk - Alolan Form,0089,70px-0089Muk-Alola.png,Poison,Dark
Shellder,0090,70px-0090Shellder.png,Water,
Cloyster,0091,70px-0091Cloyster.png,Water,Ice
Gastly,0092,70px-0092Gastly.png,Ghost,Poison
Haunter,0093,70px-0093Haunter.png,Ghost,Poison
Gengar,0094,70px-0094Gengar.png,Ghost,Poison
Onix,0095,70px-0095Onix.png,Rock,Ground
Drowzee,0096,70px-0096Drowzee.png,Psychic,
Hypno,0097,70px-0097Hypno.png,Psychic,
Krabby,0098,70px-0098Krabby.png,Water,
Kingler,0099,70px-0099Kingler.png,Water,
Voltorb,0100,70px-0100Voltorb.png,Electric,
Voltorb - Hisuian Form,0100,70px-0100Voltorb-Hisui.png,Electric,Grass
Electrode,0101,70px-0101Electrode.png,Electric,
Electrode - Hisuian Form,0101,70px-0101Electrode-Hisui.png,Electric,Grass
Exeggcute,0102,70px-0102Exeggcute.png,Grass,Psychic
Exeggutor,0103,70px-0103Exeggutor.png,Grass,Psychic
Exeggutor - Alolan Form,0103,70px-0103Exeggutor-Alola.png,Grass,Dragon
Cubone,0104,70px-0104Cubone.png,Ground,
Marowak,0105,70px-0105Marowak.png,Ground,
Marowak - Alolan Form,0105,70px-0105Marowak-Alola.png,Fire,Ghost
Hitmonlee,0106,70px-0106Hitmonlee.png,Fighting,
Hitmonchan,0107,70px-0107Hitmonchan.png,Fighting,
Lickitung,0108,70px-0108Lickitung.png,Normal,
Koffing,0109,70px-0109Koffing.png,Poison,
Weezing,0110,70px-0110Weezing.png,Poison,
Weezing - Galarian Form,0110,70px-0110Weezing-Galar.png,Poison,Fairy
Rhyhorn,0111,70px-0111Rhyhorn.png,Ground,Rock
Rhydon,0112,70px-0112Rhydon.png,Ground,Rock
Chansey,0113,70px-0113Chansey.png,Normal,
Tangela,0114,70px-0114Tangela.png,Grass,
Kangaskhan,0115,70px-0115Kangaskhan.png,Normal,
Horsea,0116,70px-0116Horsea.png,Water,
Seadra,0117,70px-0117Seadra.png,Water,
Goldeen,0118,70px-0118Goldeen.png,Water,
Seaking,0119,70px-0119Seaking.png,Water,
Staryu,0120,70px-0120Staryu.png,Water,
Starmie,0121,70px-0121Starmie.png,Water,Psychic
Mr. Mime,0122,70px-0122Mr._Mime.png,Psychic,Fairy
Mr. Mime - Galarian Form,0122,70px-0122Mr._Mime-Galar.png,Ice,Psychic
Scyther,0123,70px-0123Scyther.png,Bug,Flying
Jynx,0124,70px-0124Jynx.png,Ice,Psychic
Electabuzz,0125,70px-0125Electabuzz.png,Electric,
Magmar,0126,70px-0126Magmar.png,Fire,
Pinsir,0127,70px-0127Pinsir.png,Bug,
Tauros,0128,70px-0128Tauros.png,Normal,
Tauros - Paldean Form(Combat Breed),0128,70px-0128Tauros-Paldea_Combat.png,Fighting,
Tauros - Paldean Form(Blaze Breed),0128,70px-0128Tauros-Paldea_Blaze.png,Fighting,Fire
Tauros - Paldean Form(Aqua Breed),0128,70px-0128Tauros-Paldea_Aqua.png,Fighting,Water
Magikarp,0129,70px-0129Magikarp.png,Water,
Gyarados,0130,70px-0130Gyarados.png,Water,Flying
Lapras,0131,70px-0131Lapras.png,Water,Ice
Ditto,0132,70px-0132Ditto.png,Normal,
Eevee,0133,70px-0133Eevee.png,Normal,
Vaporeon,0134,70px-0134Vaporeon.png,Water,
Jolteon,0135,70px-0135Jolteon.png,Electric,
Flareon,0136,70px-0136Flareon.png,Fire,
Porygon,0137,70px-0137Porygon.png,Normal,
Omanyte,0138,70px-0138Omanyte.png,Rock,Water
Omastar,0139,70px-0139Omastar.png,Rock,Water
Kabuto,0140,70px-0140Kabuto.png,Rock,Water
Kabutops,0141,70px-0141Kabutops.png,Rock,Water
Aerodactyl,0142,70px-0142Aerodactyl.png,Rock,Flying
Snorlax,0143,70px-0143Snorlax.png,Normal,
Articuno,0144,70px-0144Articuno.png,Ice,Flying
Articuno - Galarian Form,0144,70px-0144Articuno-Galar.png,Psychic,Flying
Zapdos,0145,70px-0145Zapdos.png,Electric,Flying
Zapdos - Galarian Form,0145,70px-0145Zapdos-Galar.png,Fighting,Flying
Moltres,0146,70px-0146Moltres.png,Fire,Flying
Moltres - Galarian Form,0146,70px-0146Moltres-Galar.png,Dark,Flying
Dratini,0147,70px-0147Dratini.png,Dragon,
Dragonair,0148,70px-0148Dragonair.png,Dragon,
Dragonite,0149,70px-0149Dragonite.png,Dragon,Flying
Mewtwo,0150,70px-0150Mewtwo.png,Psychic,
Mew,0151,70px-0151Mew.png,Psychic,
Chikorita,0152,70px-0152Chikorita.png,Grass,
Bayleef,0153,70px-0153Bayleef.png,Grass,
Meganium,0154,70px-0154Meganium.png,Grass,
Cyndaquil,0155,70px-0155Cyndaquil.png,Fire,
Quilava,0156,70px-0156Quilava.png,Fire,
Typhlosion,0157,70px-0157Typhlosion.png,Fire,
Typhlosion - Hisuian Form,0157,70px-0157Typhlosion-Hisui.png,Fire,Ghost
Totodile,0158,70px-0158Totodile.png,Water,
Croconaw,0159,70px-0159Croconaw.png,Water,
Feraligatr,0160,70px-0160Feraligatr.png,Water,
Sentret,0161,70px-0161Sentret.png,Normal,
Furret,0162,70px-0162Furret.png,Normal,
Hoothoot,0163,70px-0163Hoothoot.png,Normal,Flying
Noctowl,0164,70px-0164Noctowl.png,Normal,Flying
Ledyba,0165,70px-0165Ledyba.png,Bug,Flying
Ledian,0166,70px-0166Ledian.png,Bug,Flying
Spinarak,0167,70px-0167Spinarak.png,Bug,Poison
Ariados,0168,70px-0168Ariados.png,Bug,Poison
Crobat,0169,70px-0169Crobat.png,Poison,Flying
Chinchou,0170,70px-0170Chinchou.png,Water,Electric
Lanturn,0171,70px-0171Lanturn.png,Water,Electric
Pichu,0172,70px-0172Pichu.png,Electric,
Cleffa,0173,70px-0173Cleffa.png,Fairy,
Igglybuff,0174,70px-0174Igglybuff.png,Normal,Fairy
Togepi,0175,70px-0175Togepi.png,Fairy,
Togetic,0176,70px-0176Togetic.png,Fairy,Flying
Natu,0177,70px-0177Natu.png,Psychic,Flying
Xatu,0178,70px-0178Xatu.png,Psychic,Flying
Mareep,0179,70px-0179Mareep.png,Electric,
Flaaffy,0180,70px-0180Flaaffy.png,Electric,
Ampharos,0181,70px-0181Ampharos.png,Electric,
Bellossom,0182,70px-0182Bellossom.png,Grass,
Marill,0183,70px-0183Marill.png,Water,Fairy
Azumarill,0184,70px-0184Azumarill.png,Water,Fairy
Sudowoodo,0185,70px-0185Sudowoodo.png,Rock,
Politoed,0186,70px-0186Politoed.png,Water,
Hoppip,0187,70px-0187Hoppip.png,Grass,Flying
Skiploom,0188,70px-0188Skiploom.png,Grass,Flying
Jumpluff,0189,70px-0189Jumpluff.png,Grass,Flying
Aipom,0190,70px-0190Aipom.png,Normal,
Sunkern,0191,70px-0191Sunkern.png,Grass,
Sunflora,0192,70px-0192Sunflora.png,Grass,
Yanma,0193,70px-0193Yanma.png,Bug,Flying
Wooper,0194,70px-0194Wooper.png,Water,Ground
Wooper - Paldean Form,0194,70px-0194Wooper-Paldea.png,Poison,Ground
Quagsire,0195,70px-0195Quagsire.png,Water,Ground
Espeon,0196,70px-0196Espeon.png,Psychic,
Umbreon,0197,70px-0197Umbreon.png,Dark,
Murkrow,0198,70px-0198Murkrow.png,Dark,Flying
Slowking,0199,70px-0199Slowking.png,Water,Psychic
Slowking - Galarian Form,0199,70px-0199Slowking-Galar.png,Poison,Psychic
Misdreavus,0200,70px-0200Misdreavus.png,Ghost,
UnownOne form,0201,70px-0201Unown.png,Psychic,
Wobbuffet,0202,70px-0202Wobbuffet.png,Psychic,
Girafarig,0203,70px-0203Girafarig.png,Normal,Psychic
Pineco,0204,70px-0204Pineco.png,Bug,
Forretress,0205,70px-0205Forretress.png,Bug,Steel
Dunsparce,0206,70px-0206Dunsparce.png,Normal,
Gligar,0207,70px-0207Gligar.png,Ground,Flying
Steelix,0208,70px-0208Steelix.png,Steel,Ground
Snubbull,0209,70px-0209Snubbull.png,Fairy,
Granbull,0210,70px-0210Granbull.png,Fairy,
Qwilfish,0211,70px-0211Qwilfish.png,Water,Poison
Qwilfish - Hisuian Form,0211,70px-0211Qwilfish-Hisui.png,Dark,Poison
Scizor,0212,70px-0212Scizor.png,Bug,Steel
Shuckle,0213,70px-0213Shuckle.png,Bug,Rock
Heracross,0214,70px-0214Heracross.png,Bug,Fighting
Sneasel,0215,70px-0215Sneasel.png,Dark,Ice
Sneasel - Hisuian Form,0215,70px-0215Sneasel-Hisui.png,Fighting,Poison
Teddiursa,0216,70px-0216Teddiursa.png,Normal,
Ursaring,0217,70px-0217Ursaring.png,Normal,
Slugma,0218,70px-0218Slugma.png,Fire,
Magcargo,0219,70px-0219Magcargo.png,Fire,Rock
Swinub,0220,70px-0220Swinub.png,Ice,Ground
Piloswine,0221,70px-0221Piloswine.png,Ice,Ground
Corsola,0222,70px-0222Corsola.png,Water,Rock
Corsola - Galarian Form,0222,70px-0222Corsola-Galar.png,Ghost,
Remoraid,0223,70px-0223Remoraid.png,Water,
Octillery,0224,70px-0224Octillery.png,Water,
Delibird,0225,70px-0225Delibird.png,Ice,Flying
Mantine,0226,70px-0226Mantine.png,Water,Flying
Skarmory,0227,70px-0227Skarmory.png,Steel,Flying
Houndour,0228,70px-0228Houndour.png,Dark,Fire
Houndoom,0229,70px-0229Houndoom.png,Dark,Fire
Kingdra,0230,70px-0230Kingdra.png,Water,Dragon
Phanpy,0231,70px-0231Phanpy.png,Ground,
Donphan,0232,70px-0232Donphan.png,Ground,
Porygon2,0233,70px-0233Porygon2.png,Normal,
Stantler,0234,70px-0234Stantler.png,Normal,
Smeargle,0235,70px-0235Smeargle.png,Normal,
Tyrogue,0236,70px-0236Tyrogue.png,Fighting,
Hitmontop,0237,70px-0237Hitmontop.png,Fighting,
Smoochum,0238,70px-0238Smoochum.png,Ice,Psychic
Elekid,0239,70px-0239Elekid.png,Electric,
Magby,0240,70px-0240Magby.png,Fire,
Miltank,0241,70px-0241Miltank.png,Normal,
Blissey,0242,70px-0242Blissey.png,Normal,
Raikou,0243,70px-0243Raikou.png,Electric,
Entei,0244,70px-0244Entei.png,Fire,
Suicune,0245,70px-0245Suicune.png,Water,
Larvitar,0246,70px-0246Larvitar.png,Rock,Ground
Pupitar,0247,70px-0247Pupitar.png,Rock,Ground
Tyranitar,0248,70px-0248Tyranitar.png,Rock,Dark
Lugia,0249,70px-0249Lugia.png,Psychic,Flying
Ho-Oh,0250,70px-0250Ho-Oh.png,Fire,Flying
Celebi,0251,70px-0251Celebi.png,Psychic,Grass
Treecko,0252,70px-0252Treecko.png,Grass,
Grovyle,0253,70px-0253Grovyle.png,Grass,
Sceptile,0254,70px-0254Sceptile.png,Grass,
Torchic,0255,70px-0255Torchic.png,Fire,
Combusken,0256,70px-0256Combusken.png,Fire,Fighting
Blaziken,0257,70px-0257Blaziken.png,Fire,Fighting
Mudkip,0258,70px-0258Mudkip.png,Water,
Marshtomp,0259,70px-0259Marshtomp.png,Water,Ground
Swampert,0260,70px-0260Swampert.png,Water,Ground
Poochyena,0261,70px-0261Poochyena.png,Dark,
Mightyena,0262,70px-0262Mightyena.png,Dark,
Zigzagoon,0263,70px-0263Zigzagoon.png,Normal,
Zigzagoon - Galarian Form,0263,70px-0263Zigzagoon-Galar.png,Dark,Normal
Linoone,0264,70px-0264Linoone.png,Normal,
Linoone - Galarian Form,0264,70px-0264Linoone-Galar.png,Dark,Normal
Wurmple,0265,70px-0265Wurmple.png,Bug,
Silcoon,0266,70px-0266Silcoon.png,Bug,
Beautifly,0267,70px-0267Beautifly.png,Bug,Flying
Cascoon,0268,70px-0268Cascoon.png,Bug,
Dustox,0269,70px-0269Dustox.png,Bug,Poison
Lotad,0270,70px-0270Lotad.png,Water,Grass
Lombre,0271,70px-0271Lombre.png,Water,Grass
Ludicolo,0272,70px-0272Ludicolo.png,Water,Grass
Seedot,0273,70px-0273Seedot.png,Grass,
Nuzleaf,0274,70px-0274Nuzleaf.png,Grass,Dark
Shiftry,0275,70px-0275Shiftry.png,Grass,Dark
Taillow,0276,70px-0276Taillow.png,Normal,Flying
Swellow,0277,70px-0277Swellow.png,Normal,Flying
Wingull,0278,70px-0278Wingull.png,Water,Flying
Pelipper,0279,70px-0279Pelipper.png,Water,Flying
Ralts,0280,70px-0280Ralts.png,Psychic,Fairy
Kirlia,0281,70px-0281Kirlia.png,Psychic,Fairy
Gardevoir,0282,70px-0282Gardevoir.png,Psychic,Fairy
Surskit,0283,70px-0283Surskit.png,Bug,Water
Masquerain,0284,70px-0284Masquerain.png,Bug,Flying
Shroomish,0285,70px-0285Shroomish.png,Grass,
Breloom,0286,70px-0286Breloom.png,Grass,Fighting
Slakoth,0287,70px-0287Slakoth.png,Normal,
Vigoroth,0288,70px-0288Vigoroth.png,Normal,
Slaking,0289,70px-0289Slaking.png,Normal,
Nincada,0290,70px-0290Nincada.png,Bug,Ground
Ninjask,0291,70px-0291Ninjask.png,Bug,Flying
Shedinja,0292,70px-0292Shedinja.png,Bug,Ghost
Whismur,0293,70px-0293Whismur.png,Normal,
Loudred,0294,70px-0294Loudred.png,Normal,
Exploud,0295,70px-0295Exploud.png,Normal,
Makuhita,0296,70px-0296Makuhita.png,Fighting,
Hariyama,0297,70px-0297Hariyama.png,Fighting,
Azurill,0298,70px-0298Azurill.png,Normal,Fairy
Nosepass,0299,70px-0299Nosepass.png,Rock,
Skitty,0300,70px-0300Skitty.png,Normal,
Delcatty,0301,70px-0301Delcatty.png,Normal,
Sableye,0302,70px-0302Sableye.png,Dark,Ghost
Mawile,0303,70px-0303Mawile.png,Steel,Fairy
Aron,0304,70px-0304Aron.png,Steel,Rock
Lairon,0305,70px-0305Lairon.png,Steel,Rock
Aggron,0306,70px-0306Aggron.png,Steel,Rock
Meditite,0307,70px-0307Meditite.png,Fighting,Psychic
Medicham,0308,70px-0308Medicham.png,Fighting,Psychic
Electrike,0309,70px-0309Electrike.png,Electric,
Manectric,0310,70px-0310Manectric.png,Electric,
Plusle,0311,70px-0311Plusle.png,Electric,
Minun,0312,70px-0312Minun.png,Electric,
Volbeat,0313,70px-0313Volbeat.png,Bug,
Illumise,0314,70px-0314Illumise.png,Bug,
Roselia,0315,70px-0315Roselia.png,Grass,Poison
Gulpin,0316,70px-0316Gulpin.png,Poison,
Swalot,0317,70px-0317Swalot.png,Poison,
Carvanha,0318,70px-0318Carvanha.png,Water,Dark
Sharpedo,0319,70px-0319Sharpedo.png,Water,Dark
Wailmer,0320,70px-0320Wailmer.png,Water,
Wailord,0321,70px-0321Wailord.png,Water,
Numel,0322,70px-0322Numel.png,Fire,Ground
Camerupt,0323,70px-0323Camerupt.png,Fire,Ground
Torkoal,0324,70px-0324Torkoal.png,Fire,
Spoink,0325,70px-0325Spoink.png,Psychic,
Grumpig,0326,70px-0326Grumpig.png,Psychic,
Spinda,0327,70px-0327Spinda.png,Normal,
Trapinch,0328,70px-0328Trapinch.png,Ground,
Vibrava,0329,70px-0329Vibrava.png,Ground,Dragon
Flygon,0330,70px-0330Flygon.png,Ground,Dragon
Cacnea,0331,70px-0331Cacnea.png,Grass,
Cacturne,0332,70px-0332Cacturne.png,Grass,Dark
Swablu,0333,70px-0333Swablu.png,Normal,Flying
Altaria,0334,70px-0334Altaria.png,Dragon,Flying
Zangoose,0335,70px-0335Zangoose.png,Normal,
Seviper,0336,70px-0336Seviper.png,Poison,
Lunatone,0337,70px-0337Lunatone.png,Rock,Psychic
Solrock,0338,70px-0338Solrock.png,Rock,Psychic
Barboach,0339,70px-0339Barboach.png,Water,Ground
Whiscash,0340,70px-0340Whiscash.png,Water,Ground
Corphish,0341,70px-0341Corphish.png,Water,
Crawdaunt,0342,70px-0342Crawdaunt.png,Water,Dark
Baltoy,0343,70px-0343Baltoy.png,Ground,Psychic
Claydol,0344,70px-0344Claydol.png,Ground,Psychic
Lileep,0345,70px-0345Lileep.png,Rock,Grass
Cradily,0346,70px-0346Cradily.png,Rock,Grass
Anorith,0347,70px-0347Anorith.png,Rock,Bug
Armaldo,0348,70px-0348Armaldo.png,Rock,Bug
Feebas,0349,70px-0349Feebas.png,Water,
Milotic,0350,70px-0350Milotic.png,Water,
CastformNormal,0351,70px-0351Castform.png,Normal,
Castform - Sunny Form,0351,70px-0351Castform-Sunny.png,Fire,
Castform - Rainy Form,0351,70px-0351Castform-Rainy.png,Water,
Castform - Snowy Form,0351,70px-0351Castform-Snowy.png,Ice,
Kecleon,0352,70px-0352Kecleon.png,Normal,
Shuppet,0353,70px-0353Shuppet.png,Ghost,
Banette,0354,70px-0354Banette.png,Ghost,
Duskull,0355,70px-0355Duskull.png,Ghost,
Dusclops,0356,70px-0356Dusclops.png,Ghost,
Tropius,0357,70px-0357Tropius.png,Grass,Flying
Chimecho,0358,70px-0358Chimecho.png,Psychic,
Absol,0359,70px-0359Absol.png,Dark,
Wynaut,0360,70px-0360Wynaut.png,Psychic,
Snorunt,0361,70px-0361Snorunt.png,Ice,
Glalie,0362,70px-0362Glalie.png,Ice,
Spheal,0363,70px-0363Spheal.png,Ice,Water
Sealeo,0364,70px-0364Sealeo.png,Ice,Water
Walrein,0365,70px-0365Walrein.png,Ice,Water
Clamperl,0366,70px-0366Clamperl.png,Water,
Huntail,0367,70px-0367Huntail.png,Water,
Gorebyss,0368,70px-0368Gorebyss.png,Water,
Relicanth,0369,70px-0369Relicanth.png,Water,Rock
Luvdisc,0370,70px-0370Luvdisc.png,Water,
Bagon,0371,70px-0371Bagon.png,Dragon,
Shelgon,0372,70px-0372Shelgon.png,Dragon,
Salamence,0373,70px-0373Salamence.png,Dragon,Flying
Beldum,0374,70px-0374Beldum.png,Steel,Psychic
Metang,0375,70px-0375Metang.png,Steel,Psychic
Metagross,0376,70px-0376Metagross.png,Steel,Psychic
Regirock,0377,70px-0377Regirock.png,Rock,
Regice,0378,70px-0378Regice.png,Ice,
Registeel,0379,70px-0379Registeel.png,Steel,
Latias,0380,70px-0380Latias.png,Dragon,Psychic
Latios,0381,70px-0381Latios.png,Dragon,Psychic
KyogreKyogre,0382,70px-0382Kyogre.png,Water,
GroudonGroudon,0383,70px-0383Groudon.png,Ground,
Rayquaza,0384,70px-0384Rayquaza.png,Dragon,Flying
Jirachi,0385,70px-0385Jirachi.png,Steel,Psychic
DeoxysNormal Forme,0386,70px-0386Deoxys.png,Psychic,
Deoxys - Attack Forme,0386,70px-0386Deoxys-Attack.png,Psychic,
Deoxys - Defense Forme,0386,70px-0386Deoxys-Defense.png,Psychic,
Deoxys - Speed Forme,0386,70px-0386Deoxys-Speed.png,Psychic,
Turtwig,0387,70px-0387Turtwig.png,Grass,
Grotle,0388,70px-0388Grotle.png,Grass,
Torterra,0389,70px-0389Torterra.png,Grass,Ground
Chimchar,0390,70px-0390Chimchar.png,Fire,
Monferno,0391,70px-0391Monferno.png,Fire,Fighting
Infernape,0392,70px-0392Infernape.png,Fire,Fighting
Piplup,0393,70px-0393Piplup.png,Water,
Prinplup,0394,70px-0394Prinplup.png,Water,
Empoleon,0395,70px-0395Empoleon.png,Water,Steel
Starly,0396,70px-0396Starly.png,Normal,Flying
Staravia,0397,70px-0397Staravia.png,Normal,Flying
Staraptor,0398,70px-0398Staraptor.png,Normal,Flying
Bidoof,0399,70px-0399Bidoof.png,Normal,
Bibarel,0400,70px-0400Bibarel.png,Normal,Water
Kricketot,0401,70px-0401Kricketot.png,Bug,
Kricketune,0402,70px-0402Kricketune.png,Bug,
Shinx,0403,70px-0403Shinx.png,Electric,
Luxio,0404,70px-0404Luxio.png,Electric,
Luxray,0405,70px-0405Luxray.png,Electric,
Budew,0406,70px-0406Budew.png,Grass,Poison
Roserade,0407,70px-0407Roserade.png,Grass,Poison
Cranidos,0408,70px-0408Cranidos.png,Rock,
Rampardos,0409,70px-0409Rampardos.png,Rock,
Shieldon,0410,70px-0410Shieldon.png,Rock,Steel
Bastiodon,0411,70px-0411Bastiodon.png,Rock,Steel
BurmyPlant Cloak,0412,70px-0412Burmy-Plant.png,Bug,
Burmy - Sandy Cloak,0412,70px-0412Burmy-Sandy.png,Bug,
Burmy - Trash Cloak,0412,70px-0412Burmy-Trash.png,Bug,
WormadamPlant Cloak,0413,70px-0413Wormadam-Plant.png,Bug,Grass
Wormadam - Sandy Cloak,0413,70px-0413Wormadam-Sandy.png,Bug,Ground
Wormadam - Trash Cloak,0413,70px-0413Wormadam-Trash.png,Bug,Steel
Mothim,0414,70px-0414Mothim.png,Bug,Flying
Combee,0415,70px-0415Combee.png,Bug,Flying
Vespiquen,0416,70px-0416Vespiquen.png,Bug,Flying
Pachirisu,0417,70px-0417Pachirisu.png,Electric,
Buizel,0418,70px-0418Buizel.png,Water,
Floatzel,0419,70px-0419Floatzel.png,Water,
Cherubi,0420,70px-0420Cherubi.png,Grass,
CherrimOvercast Form,0421,70px-0421Cherrim.png,Grass,
Cherrim - Sunshine Form,0421,70px-0421Cherrim-Sunshine.png,Grass,
ShellosWest Sea,0422,70px-0422Shellos-West.png,Water,
Shellos - East Sea,0422,70px-0422Shellos-East.png,Water,
GastrodonWest Sea,0423,70px-0423Gastrodon-West.png,Water,Ground
Gastrodon - East Sea,0423,70px-0423Gastrodon-East.png,Water,Ground
Ambipom,0424,70px-0424Ambipom.png,Normal,
Drifloon,0425,70px-0425Drifloon.png,Ghost,Flying
Drifblim,0426,70px-0426Drifblim.png,Ghost,Flying
Buneary,0427,70px-0427Buneary.png,Normal,
Lopunny,0428,70px-0428Lopunny.png,Normal,
Mismagius,0429,70px-0429Mismagius.png,Ghost,
Honchkrow,0430,70px-0430Honchkrow.png,Dark,Flying
Glameow,0431,70px-0431Glameow.png,Normal,
Purugly,0432,70px-0432Purugly.png,Normal,
Chingling,0433,70px-0433Chingling.png,Psychic,
Stunky,0434,70px-0434Stunky.png,Poison,Dark
Skuntank,0435,70px-0435Skuntank.png,Poison,Dark
Bronzor,0436,70px-0436Bronzor.png,Steel,Psychic
Bronzong,0437,70px-0437Bronzong.png,Steel,Psychic
Bonsly,0438,70px-0438Bonsly.png,Rock,
Mime Jr.,0439,70px-0439Mime_Jr.png,Psychic,Fairy
Happiny,0440,70px-0440Happiny.png,Normal,
Chatot,0441,70px-0441Chatot.png,Normal,Flying
Spiritomb,0442,70px-0442Spiritomb.png,Ghost,Dark
Gible,0443,70px-0443Gible.png,Dragon,Ground
Gabite,0444,70px-0444Gabite.png,Dragon,Ground
Garchomp,0445,70px-0445Garchomp.png,Dragon,Ground
Munchlax,0446,70px-0446Munchlax.png,Normal,
Riolu,0447,70px-0447Riolu.png,Fighting,
Lucario,0448,70px-0448Lucario.png,Fighting,Steel
Hippopotas,0449,70px-0449Hippopotas.png,Ground,
Hippowdon,0450,70px-0450Hippowdon.png,Ground,
Skorupi,0451,70px-0451Skorupi.png,Poison,Bug
Drapion,0452,70px-0452Drapion.png,Poison,Dark
Croagunk,0453,70px-0453Croagunk.png,Poison,Fighting
Toxicroak,0454,70px-0454Toxicroak.png,Poison,Fighting
Carnivine,0455,70px-0455Carnivine.png,Grass,
Finneon,0456,70px-0456Finneon.png,Water,
Lumineon,0457,70px-0457Lumineon.png,Water,
Mantyke,0458,70px-0458Mantyke.png,Water,Flying
Snover,0459,70px-0459Snover.png,Grass,Ice
Abomasnow,0460,70px-0460Abomasnow.png,Grass,Ice
Weavile,0461,70px-0461Weavile.png,Dark,Ice
Magnezone,0462,70px-0462Magnezone.png,Electric,Steel
Lickilicky,0463,70px-0463Lickilicky.png,Normal,
Rhyperior,0464,70px-0464Rhyperior.png,Ground,Rock
Tangrowth,0465,70px-0465Tangrowth.png,Grass,
Electivire,0466,70px-0466Electivire.png,Electric,
Magmortar,0467,70px-0467Magmortar.png,Fire,
Togekiss,0468,70px-0468Togekiss.png,Fairy,Flying
Yanmega,0469,70px-0469Yanmega.png,Bug,Flying
Leafeon,0470,70px-0470Leafeon.png,Grass,
Glaceon,0471,70px-0471Glaceon.png,Ice,
Gliscor,0472,70px-0472Gliscor.png,Ground,Flying
Mamoswine,0473,70px-0473Mamoswine.png,Ice,Ground
Porygon-Z,0474,70px-0474Porygon-Z.png,Normal,
Gallade,0475,70px-0475Gallade.png,Psychic,Fighting
Probopass,0476,70px-0476Probopass.png,Rock,Steel
Dusknoir,0477,70px-0477Dusknoir.png,Ghost,
Froslass,0478,70px-0478Froslass.png,Ice,Ghost
RotomRotom,0479,70px-0479Rotom.png,Electric,Ghost
Rotom - Heat Rotom,0479,70px-0479Rotom-Heat.png,Electric,Fire
Rotom - Wash Rotom,0479,70px-0479Rotom-Wash.png,Electric,Water
Rotom - Frost Rotom,0479,70px-0479Rotom-Frost.png,Electric,Ice
Rotom - Fan Rotom,0479,70px-0479Rotom-Fan.png,Electric,Flying
Rotom - Mow Rotom,0479,70px-0479Rotom-Mow.png,Electric,Grass
Uxie,0480,70px-0480Uxie.png,Psychic,
Mesprit,0481,70px-0481Mesprit.png,Psychic,
Azelf,0482,70px-0482Azelf.png,Psychic,
Dialga,0483,70px-0483Dialga.png,Steel,Dragon
Dialga - Origin Forme,0483,70px-0483Dialga-Origin.png,Steel,Dragon
Palkia,0484,70px-0484Palkia.png,Water,Dragon
Palkia - Origin Forme,0484,70px-0484Palkia-Origin.png,Water,Dragon
Heatran,0485,70px-0485Heatran.png,Fire,Steel
Regigigas,0486,70px-0486Regigigas.png,Normal,
GiratinaAltered Forme,0487,70px-0487Giratina.png,Ghost,Dragon
Giratina - Origin Forme,0487,70px-0487Giratina-Origin.png,Ghost,Dragon
Cresselia,0488,70px-0488Cresselia.png,Psychic,
Phione,0489,70px-0489Phione.png,Water,
Manaphy,0490,70px-0490Manaphy.png,Water,
Darkrai,0491,70px-0491Darkrai.png,Dark,
ShayminLand Forme,0492,70px-0492Shaymin.png,Grass,
Shaymin - Sky Forme,0492,70px-0492Shaymin-Sky.png,Grass,Flying
ArceusArceus,0493,70px-0493Arceus.png,Normal,
Victini,0494,70px-0494Victini.png,Psychic,Fire
Snivy,0495,70px-0495Snivy.png,Grass,
Servine,0496,70px-0496Servine.png,Grass,
Serperior,0497,70px-0497Serperior.png,Grass,
Tepig,0498,70px-0498Tepig.png,Fire,
Pignite,0499,70px-0499Pignite.png,Fire,Fighting
Emboar,0500,70px-0500Emboar.png,Fire,Fighting
Oshawott,0501,70px-0501Oshawott.png,Water,
Dewott,0502,70px-0502Dewott.png,Water,
Samurott,0503,70px-0503Samurott.png,Water,
Samurott - Hisuian Form,0503,70px-0503Samurott-Hisui.png,Water,Dark
Patrat,0504,70px-0504Patrat.png,Normal,
Watchog,0505,70px-0505Watchog.png,Normal,
Lillipup,0506,70px-0506Lillipup.png,Normal,
Herdier,0507,70px-0507Herdier.png,Normal,
Stoutland,0508,70px-0508Stoutland.png,Normal,
Purrloin,0509,70px-0509Purrloin.png,Dark,
Liepard,0510,70px-0510Liepard.png,Dark,
Pansage,0511,70px-0511Pansage.png,Grass,
Simisage,0512,70px-0512Simisage.png,Grass,
Pansear,0513,70px-0513Pansear.png,Fire,
Simisear,0514,70px-0514Simisear.png,Fire,
Panpour,0515,70px-0515Panpour.png,Water,
Simipour,0516,70px-0516Simipour.png,Water,
Munna,0517,70px-0517Munna.png,Psychic,
Musharna,0518,70px-0518Musharna.png,Psychic,
Pidove,0519,70px-0519Pidove.png,Normal,Flying
Tranquill,0520,70px-0520Tranquill.png,Normal,Flying
Unfezant,0521,70px-0521Unfezant.png,Normal,Flying
Blitzle,0522,70px-0522Blitzle.png,Electric,
Zebstrika,0523,70px-0523Zebstrika.png,Electric,
Roggenrola,0524,70px-0524Roggenrola.png,Rock,
Boldore,0525,70px-0525Boldore.png,Rock,
Gigalith,0526,70px-0526Gigalith.png,Rock,
Woobat,0527,70px-0527Woobat.png,Psychic,Flying
Swoobat,0528,70px-0528Swoobat.png,Psychic,Flying
Drilbur,0529,70px-0529Drilbur.png,Ground,
Excadrill,0530,70px-0530Excadrill.png,Ground,Steel
Audino,0531,70px-0531Audino.png,Normal,
Timburr,0532,70px-0532Timburr.png,Fighting,
Gurdurr,0533,70px-0533Gurdurr.png,Fighting,
Conkeldurr,0534,70px-0534Conkeldurr.png,Fighting,
Tympole,0535,70px-0535Tympole.png,Water,
Palpitoad,0536,70px-0536Palpitoad.png,Water,Ground
Seismitoad,0537,70px-0537Seismitoad.png,Water,Ground
Throh,0538,70px-0538Throh.png,Fighting,
Sawk,0539,70px-0539Sawk.png,Fighting,
Sewaddle,0540,70px-0540Sewaddle.png,Bug,Grass
Swadloon,0541,70px-0541Swadloon.png,Bug,Grass
Leavanny,0542,70px-0542Leavanny.png,Bug,Grass
Venipede,0543,70px-0543Venipede.png,Bug,Poison
Whirlipede,0544,70px-0544Whirlipede.png,Bug,Poison
Scolipede,0545,70px-0545Scolipede.png,Bug,Poison
Cottonee,0546,70px-0546Cottonee.png,Grass,Fairy
Whimsicott,0547,70px-0547Whimsicott.png,Grass,Fairy
Petilil,0548,70px-0548Petilil.png,Grass,
Lilligant,0549,70px-0549Lilligant.png,Grass,
Lilligant - Hisuian Form,0549,70px-0549Lilligant-Hisui.png,Grass,Fighting
BasculinRed-Striped Form,0550,70px-0550Basculin-Red.png,Water,
Basculin - Blue-Striped Form,0550,70px-0550Basculin-Blue.png,Water,
Basculin - White-Striped Form,0550,70px-0550Basculin-White.png,Water,
Sandile,0551,70px-0551Sandile.png,Ground,Dark
Krokorok,0552,70px-0552Krokorok.png,Ground,Dark
Krookodile,0553,70px-0553Krookodile.png,Ground,Dark
Darumaka,0554,70px-0554Darumaka.png,Fire,
Darumaka - Galarian Form,0554,70px-0554Darumaka-Galar.png,Ice,
DarmanitanStandard Mode,0555,70px-0555Darmanitan.png,Fire,
Darmanitan - Zen Mode,0555,70px-0555Darmanitan-Zen.png,Fire,Psychic
Darmanitan - Galarian Form,0555,70px-0555Darmanitan-Galar.png,Ice,
Darmanitan - Zen Mode(Galarian Form),0555,70px-0555Darmanitan-Galar_Zen.png,Ice,Fire
Maractus,0556,70px-0556Maractus.png,Grass,
Dwebble,0557,70px-0557Dwebble.png,Bug,Rock
Crustle,0558,70px-0558Crustle.png,Bug,Rock
Scraggy,0559,70px-0559Scraggy.png,Dark,Fighting
Scrafty,0560,70px-0560Scrafty.png,Dark,Fighting
Sigilyph,0561,70px-0561Sigilyph.png,Psychic,Flying
Yamask,0562,70px-0562Yamask.png,Ghost,
Yamask - Galarian Form,0562,70px-0562Yamask-Galar.png,Ground,Ghost
Cofagrigus,0563,70px-0563Cofagrigus.png,Ghost,
Tirtouga,0564,70px-0564Tirtouga.png,Water,Rock
Carracosta,0565,70px-0565Carracosta.png,Water,Rock
Archen,0566,70px-0566Archen.png,Rock,Flying
Archeops,0567,70px-0567Archeops.png,Rock,Flying
Trubbish,0568,70px-0568Trubbish.png,Poison,
Garbodor,0569,70px-0569Garbodor.png,Poison,
Zorua,0570,70px-0570Zorua.png,Dark,
Zorua - Hisuian Form,0570,70px-0570Zorua-Hisui.png,Normal,Ghost
Zoroark,0571,70px-0571Zoroark.png,Dark,
Zoroark - Hisuian Form,0571,70px-0571Zoroark-Hisui.png,Normal,Ghost
Minccino,0572,70px-0572Minccino.png,Normal,
Cinccino,0573,70px-0573Cinccino.png,Normal,
Gothita,0574,70px-0574Gothita.png,Psychic,
Gothorita,0575,70px-0575Gothorita.png,Psychic,
Gothitelle,0576,70px-0576Gothitelle.png,Psychic,
Solosis,0577,70px-0577Solosis.png,Psychic,
Duosion,0578,70px-0578Duosion.png,Psychic,
Reuniclus,0579,70px-0579Reuniclus.png,Psychic,
Ducklett,0580,70px-0580Ducklett.png,Water,Flying
Swanna,0581,70px-0581Swanna.png,Water,Flying
Vanillite,0582,70px-0582Vanillite.png,Ice,
Vanillish,0583,70px-0583Vanillish.png,Ice,
Vanilluxe,0584,70px-0584Vanilluxe.png,Ice,
DeerlingSpring Form,0585,70px-0585Deerling.png,Normal,Grass
Deerling - Summer Form,0585,70px-0585Deerling-Summer.png,Normal,Grass
Deerling - Autumn Form,0585,70px-0585Deerling-Autumn.png,Normal,Grass
Deerling - Winter Form,0585,70px-0585Deerling-Winter.png,Normal,Grass
SawsbuckSpring Form,0586,70px-0586Sawsbuck.png,Normal,Grass
Sawsbuck - Summer Form,0586,70px-0586Sawsbuck-Summer.png,Normal,Grass
Sawsbuck - Autumn Form,0586,70px-0586Sawsbuck-Autumn.png,Normal,Grass
Sawsbuck - Winter Form,0586,70px-0586Sawsbuck-Winter.png,Normal,Grass
Emolga,0587,70px-0587Emolga.png,Electric,Flying
Karrablast,0588,70px-0588Karrablast.png,Bug,
Escavalier,0589,70px-0589Escavalier.png,Bug,Steel
Foongus,0590,70px-0590Foongus.png,Grass,Poison
Amoonguss,0591,70px-0591Amoonguss.png,Grass,Poison
Frillish,0592,70px-0592Frillish.png,Water,Ghost
Jellicent,0593,70px-0593Jellicent.png,Water,Ghost
Alomomola,0594,70px-0594Alomomola.png,Water,
Joltik,0595,70px-0595Joltik.png,Bug,Electric
Galvantula,0596,70px-0596Galvantula.png,Bug,Electric
Ferroseed,0597,70px-0597Ferroseed.png,Grass,Steel
Ferrothorn,0598,70px-0598Ferrothorn.png,Grass,Steel
Klink,0599,70px-0599Klink.png,Steel,
Klang,0600,70px-0600Klang.png,Steel,
Klinklang,0601,70px-0601Klinklang.png,Steel,
Tynamo,0602,70px-0602Tynamo.png,Electric,
Eelektrik,0603,70px-0603Eelektrik.png,Electric,
Eelektross,0604,70px-0604Eelektross.png,Electric,
Elgyem,0605,70px-0605Elgyem.png,Psychic,
Beheeyem,0606,70px-0606Beheeyem.png,Psychic,
Litwick,0607,70px-0607Litwick.png,Ghost,Fire
Lampent,0608,70px-0608Lampent.png,Ghost,Fire
Chandelure,0609,70px-0609Chandelure.png,Ghost,Fire
Axew,0610,70px-0610Axew.png,Dragon,
Fraxure,0611,70px-0611Fraxure.png,Dragon,
Haxorus,0612,70px-0612Haxorus.png,Dragon,
Cubchoo,0613,70px-0613Cubchoo.png,Ice,
Beartic,0614,70px-0614Beartic.png,Ice,
Cryogonal,0615,70px-0615Cryogonal.png,Ice,
Shelmet,0616,70px-0616Shelmet.png,Bug,
Accelgor,0617,70px-0617Accelgor.png,Bug,
Stunfisk,0618,70px-0618Stunfisk.png,Ground,Electric
Stunfisk - Galarian Form,0618,70px-0618Stunfisk-Galar.png,Ground,Steel
Mienfoo,0619,70px-0619Mienfoo.png,Fighting,
Mienshao,0620,70px-0620Mienshao.png,Fighting,
Druddigon,0621,70px-0621Druddigon.png,Dragon,
Golett,0622,70px-0622Golett.png,Ground,Ghost
Golurk,0623,70px-0623Golurk.png,Ground,Ghost
Pawniard,0624,70px-0624Pawniard.png,Dark,Steel
Bisharp,0625,70px-0625Bisharp.png,Dark,Steel
Bouffalant,0626,70px-0626Bouffalant.png,Normal,
Rufflet,0627,70px-0627Rufflet.png,Normal,Flying
Braviary,0628,70px-0628Braviary.png,Normal,Flying
Braviary - Hisuian Form,0628,70px-0628Braviary-Hisui.png,Psychic,Flying
Vullaby,0629,70px-0629Vullaby.png,Dark,Flying
Mandibuzz,0630,70px-0630Mandibuzz.png,Dark,Flying
Heatmor,0631,70px-0631Heatmor.png,Fire,
Durant,0632,70px-0632Durant.png,Bug,Steel
Deino,0633,70px-0633Deino.png,Dark,Dragon
Zweilous,0634,70px-0634Zweilous.png,Dark,Dragon
Hydreigon,0635,70px-0635Hydreigon.png,Dark,Dragon
Larvesta,0636,70px-0636Larvesta.png,Bug,Fire
Volcarona,0637,70px-0637Volcarona.png,Bug,Fire
Cobalion,0638,70px-0638Cobalion.png,Steel,Fighting
Terrakion,0639,70px-0639Terrakion.png,Rock,Fighting
Virizion,0640,70px-0640Virizion.png,Grass,Fighting
TornadusIncarnate Forme,0641,70px-0641Tornadus.png,Flying,
Tornadus - Therian Forme,0641,70px-0641Tornadus-Therian.png,Flying,
ThundurusIncarnate Forme,0642,70px-0642Thundurus.png,Electric,Flying
Thundurus - Therian Forme,0642,70px-0642Thundurus-Therian.png,Electric,Flying
Reshiram,0643,70px-0643Reshiram.png,Dragon,Fire
Zekrom,0644,70px-0644Zekrom.png,Dragon,Electric
LandorusIncarnate Forme,0645,70px-0645Landorus.png,Ground,Flying
Landorus - Therian Forme,0645,70px-0645Landorus-Therian.png,Ground,Flying
KyuremKyurem,0646,70px-0646Kyurem.png,Dragon,Ice
Kyurem - White Kyurem,0646,70px-0646Kyurem-White.png,Dragon,Ice
Kyurem - Black Kyurem,0646,70px-0646Kyurem-Black.png,Dragon,Ice
KeldeoOrdinary Form,0647,70px-0647Keldeo.png,Water,Fighting
Keldeo - Resolute Form,0647,70px-0647Keldeo-Resolute.png,Water,Fighting
MeloettaAria Forme,0648,70px-0648Meloetta.png,Normal,Psychic
Meloetta - Pirouette Forme,0648,70px-0648Meloetta-Pirouette.png,Normal,Fighting
GenesectGenesect(no drive),0649,70px-0649Genesect.png,Bug,Steel
Genesect - Genesect(Douse Drive),0649,70px-HOME0649B.png,Bug,Steel
Genesect - Genesect(Shock Drive),0649,70px-HOME0649Y.png,Bug,Steel
Genesect - Genesect(Burn Drive),0649,70px-HOME0649R.png,Bug,Steel
Genesect - Genesect(Chill Drive),0649,70px-HOME0649W.png,Bug,Steel
Chespin,0650,70px-0650Chespin.png,Grass,
Quilladin,0651,70px-0651Quilladin.png,Grass,
Chesnaught,0652,70px-0652Chesnaught.png,Grass,Fighting
Fennekin,0653,70px-0653Fennekin.png,Fire,
Braixen,0654,70px-0654Braixen.png,Fire,
Delphox,0655,70px-0655Delphox.png,Fire,Psychic
Froakie,0656,70px-0656Froakie.png,Water,
Frogadier,0657,70px-0657Frogadier.png,Water,
Greninja,0658,70px-0658Greninja.png,Water,Dark
Bunnelby,0659,70px-0659Bunnelby.png,Normal,
Diggersby,0660,70px-0660Diggersby.png,Normal,Ground
Fletchling,0661,70px-0661Fletchling.png,Normal,Flying
Fletchinder,0662,70px-0662Fletchinder.png,Fire,Flying
Talonflame,0663,70px-0663Talonflame.png,Fire,Flying
Scatterbug,0664,70px-0664Scatterbug.png,Bug,
Spewpa,0665,70px-0665Spewpa.png,Bug,
VivillonMeadow Pattern,0666,70px-0666Vivillon.png,Bug,Flying
Litleo,0667,70px-0667Litleo.png,Fire,Normal
Pyroar,0668,70px-0668Pyroar.png,Fire,Normal
FlabébéRed Flower,0669,70px-0669Flab%C3%A9b%C3%A9.png,Fairy,
Flabébé - Yellow Flower,0669,70px-HOME0669Y.png,Fairy,
Flabébé - Orange Flower,0669,70px-HOME0669O.png,Fairy,
Flabébé - Blue Flower,0669,70px-HOME0669B.png,Fairy,
Flabébé - White Flower,0669,70px-HOME0669W.png,Fairy,
FloetteRed Flower,0670,70px-0670Floette.png,Fairy,
Floette - Yellow Flower,0670,70px-HOME0670Y.png,Fairy,
Floette - Orange Flower,0670,70px-HOME0670O.png,Fairy,
Floette - Blue Flower,0670,70px-HOME0670B.png,Fairy,
Floette - White Flower,0670,70px-HOME0670W.png,Fairy,
FlorgesRed Flower,0671,70px-0671Florges.png,Fairy,
Florges - Yellow Flower,0671,70px-HOME0671Y.png,Fairy,
Florges - Orange Flower,0671,70px-HOME0671O.png,Fairy,
Florges - Blue Flower,0671,70px-HOME0671B.png,Fairy,
Florges - White Flower,0671,70px-HOME0671W.png,Fairy,
Skiddo,0672,70px-0672Skiddo.png,Grass,
Gogoat,0673,70px-0673Gogoat.png,Grass,
Pancham,0674,70px-0674Pancham.png,Fighting,
Pangoro,0675,70px-0675Pangoro.png,Fighting,Dark
FurfrouNatural Form,0676,70px-0676Furfrou.png,Normal,
Espurr,0677,70px-0677Espurr.png,Psychic,
MeowsticMale,0678,70px-0678Meowstic-Male.png,Psychic,
Meowstic - Female,0678,70px-0678Meowstic-Female.png,Psychic,
Honedge,0679,70px-0679Honedge.png,Steel,Ghost
Doublade,0680,70px-0680Doublade.png,Steel,Ghost
AegislashShield Forme,0681,70px-0681Aegislash-Shield.png,Steel,Ghost
Aegislash - Blade Forme,0681,70px-0681Aegislash-Blade.png,Steel,Ghost
Spritzee,0682,70px-0682Spritzee.png,Fairy,
Aromatisse,0683,70px-0683Aromatisse.png,Fairy,
Swirlix,0684,70px-0684Swirlix.png,Fairy,
Slurpuff,0685,70px-0685Slurpuff.png,Fairy,
Inkay,0686,70px-0686Inkay.png,Dark,Psychic
Malamar,0687,70px-0687Malamar.png,Dark,Psychic
Binacle,0688,70px-0688Binacle.png,Rock,Water
Barbaracle,0689,70px-0689Barbaracle.png,Rock,Water
Skrelp,0690,70px-0690Skrelp.png,Poison,Water
Dragalge,0691,70px-0691Dragalge.png,Poison,Dragon
Clauncher,0692,70px-0692Clauncher.png,Water,
Clawitzer,0693,70px-0693Clawitzer.png,Water,
Helioptile,0694,70px-0694Helioptile.png,Electric,Normal
Heliolisk,0695,70px-0695Heliolisk.png,Electric,Normal
Tyrunt,0696,70px-0696Tyrunt.png,Rock,Dragon
Tyrantrum,0697,70px-0697Tyrantrum.png,Rock,Dragon
Amaura,0698,70px-0698Amaura.png,Rock,Ice
Aurorus,0699,70px-0699Aurorus.png,Rock,Ice
Sylveon,0700,70px-0700Sylveon.png,Fairy,
Hawlucha,0701,70px-0701Hawlucha.png,Fighting,Flying
Dedenne,0702,70px-0702Dedenne.png,Electric,Fairy
Carbink,0703,70px-0703Carbink.png,Rock,Fairy
Goomy,0704,70px-0704Goomy.png,Dragon,
Sliggoo,0705,70px-0705Sliggoo.png,Dragon,
Sliggoo - Hisuian Form,0705,70px-0705Sliggoo-Hisui.png,Steel,Dragon
Goodra,0706,70px-0706Goodra.png,Dragon,
Goodra - Hisuian Form,0706,70px-0706Goodra-Hisui.png,Steel,Dragon
Klefki,0707,70px-0707Klefki.png,Steel,Fairy
Phantump,0708,70px-0708Phantump.png,Ghost,Grass
Trevenant,0709,70px-0709Trevenant.png,Ghost,Grass
Pumpkaboo,0710,70px-0710Pumpkaboo.png,Ghost,Grass
Gourgeist,0711,70px-0711Gourgeist.png,Ghost,Grass
Bergmite,0712,70px-0712Bergmite.png,Ice,
Avalugg,0713,70px-0713Avalugg.png,Ice,
Avalugg - Hisuian Form,0713,70px-0713Avalugg-Hisui.png,Ice,Rock
Noibat,0714,70px-0714Noibat.png,Flying,Dragon
Noivern,0715,70px-0715Noivern.png,Flying,Dragon
XerneasNeutral Mode,0716,70px-HOME0716N.png,Fairy,
Xerneas - Active Mode,0716,70px-0716Xerneas.png,Fairy,
Yveltal,0717,70px-0717Yveltal.png,Dark,Flying
Zygarde50% Forme,0718,70px-0718Zygarde.png,Dragon,Ground
Zygarde - 10% Forme,0718,70px-0718Zygarde-10Percent.png,Dragon,Ground
Zygarde - Complete Forme,0718,70px-0718Zygarde-Complete.png,Dragon,Ground
Diancie,0719,70px-0719Diancie.png,Rock,Fairy
HoopaHoopa Confined,0720,70px-0720Hoopa.png,Psychic,Ghost
Hoopa - Hoopa Unbound,0720,70px-0720Hoopa-Unbound.png,Psychic,Dark
Volcanion,0721,70px-0721Volcanion.png,Fire,Water
Rowlet,0722,70px-0722Rowlet.png,Grass,Flying
Dartrix,0723,70px-0723Dartrix.png,Grass,Flying
Decidueye,0724,70px-0724Decidueye.png,Grass,Ghost
Decidueye - Hisuian Form,0724,70px-0724Decidueye-Hisui.png,Grass,Fighting
Litten,0725,70px-0725Litten.png,Fire,
Torracat,0726,70px-0726Torracat.png,Fire,
Incineroar,0727,70px-0727Incineroar.png,Fire,Dark
Popplio,0728,70px-0728Popplio.png,Water,
Brionne,0729,70px-0729Brionne.png,Water,
Primarina,0730,70px-0730Primarina.png,Water,Fairy
Pikipek,0731,70px-0731Pikipek.png,Normal,Flying
Trumbeak,0732,70px-0732Trumbeak.png,Normal,Flying
Toucannon,0733,70px-0733Toucannon.png,Normal,Flying
Yungoos,0734,70px-0734Yungoos.png,Normal,
Gumshoos,0735,70px-0735Gumshoos.png,Normal,
Grubbin,0736,70px-0736Grubbin.png,Bug,
Charjabug,0737,70px-0737Charjabug.png,Bug,Electric
Vikavolt,0738,70px-0738Vikavolt.png,Bug,Electric
Crabrawler,0739,70px-0739Crabrawler.png,Fighting,
Crabominable,0740,70px-0740Crabominable.png,Fighting,Ice
OricorioBaile Style,0741,70px-0741Oricorio.png,Fire,Flying
Oricorio - Pom-Pom Style,0741,70px-0741Oricorio-Pom-Pom.png,Electric,Flying
Oricorio - Pa’u Style,0741,70px-0741Oricorio-Pa%27u.png,Psychic,Flying
Oricorio - Sensu Style,0741,70px-0741Oricorio-Sensu.png,Ghost,Flying
Cutiefly,0742,70px-0742Cutiefly.png,Bug,Fairy
Ribombee,0743,70px-0743Ribombee.png,Bug,Fairy
Rockruff,0744,70px-0744Rockruff.png,Rock,
LycanrocMidday Form,0745,70px-0745Lycanroc.png,Rock,
Lycanroc - Midnight Form,0745,70px-0745Lycanroc-Midnight.png,Rock,
Lycanroc - Dusk Form,0745,70px-0745Lycanroc-Dusk.png,Rock,
WishiwashiSolo Form,0746,70px-0746Wishiwashi.png,Water,
Wishiwashi - School Form,0746,70px-0746Wishiwashi-School.png,Water,
Mareanie,0747,70px-0747Mareanie.png,Poison,Water
Toxapex,0748,70px-0748Toxapex.png,Poison,Water
Mudbray,0749,70px-0749Mudbray.png,Ground,
Mudsdale,0750,70px-0750Mudsdale.png,Ground,
Dewpider,0751,70px-0751Dewpider.png,Water,Bug
Araquanid,0752,70px-0752Araquanid.png,Water,Bug
Fomantis,0753,70px-0753Fomantis.png,Grass,
Lurantis,0754,70px-0754Lurantis.png,Grass,
Morelull,0755,70px-0755Morelull.png,Grass,Fairy
Shiinotic,0756,70px-0756Shiinotic.png,Grass,Fairy
Salandit,0757,70px-0757Salandit.png,Poison,Fire
Salazzle,0758,70px-0758Salazzle.png,Poison,Fire
Stufful,0759,70px-0759Stufful.png,Normal,Fighting
Bewear,0760,70px-0760Bewear.png,Normal,Fighting
Bounsweet,0761,70px-0761Bounsweet.png,Grass,
Steenee,0762,70px-0762Steenee.png,Grass,
Tsareena,0763,70px-0763Tsareena.png,Grass,
Comfey,0764,70px-0764Comfey.png,Fairy,
Oranguru,0765,70px-0765Oranguru.png,Normal,Psychic
Passimian,0766,70px-0766Passimian.png,Fighting,
Wimpod,0767,70px-0767Wimpod.png,Bug,Water
Golisopod,0768,70px-0768Golisopod.png,Bug,Water
Sandygast,0769,70px-0769Sandygast.png,Ghost,Ground
Palossand,0770,70px-0770Palossand.png,Ghost,Ground
Pyukumuku,0771,70px-0771Pyukumuku.png,Water,
Type: Null,0772,70px-0772Type_Null.png,Normal,
SilvallyType: Normal,0773,70px-0773Silvally.png,Normal,
MiniorMeteor Form,0774,70px-0774Minior.png,Rock,Flying
Minior - Red Core,0774,70px-0774Minior-Core.png,Rock,Flying
Komala,0775,70px-0775Komala.png,Normal,
Turtonator,0776,70px-0776Turtonator.png,Fire,Dragon
Togedemaru,0777,70px-0777Togedemaru.png,Electric,Steel
MimikyuDisguised Form,0778,70px-0778Mimikyu.png,Ghost,Fairy
Mimikyu - Busted Form,0778,70px-HOME0778B.png,Ghost,Fairy
Bruxish,0779,70px-0779Bruxish.png,Water,Psychic
Drampa,0780,70px-0780Drampa.png,Normal,Dragon
Dhelmise,0781,70px-0781Dhelmise.png,Ghost,Grass
Jangmo-o,0782,70px-0782Jangmo-o.png,Dragon,
Hakamo-o,0783,70px-0783Hakamo-o.png,Dragon,Fighting
Kommo-o,0784,70px-0784Kommo-o.png,Dragon,Fighting
Tapu Koko,0785,70px-0785Tapu_Koko.png,Electric,Fairy
Tapu Lele,0786,70px-0786Tapu_Lele.png,Psychic,Fairy
Tapu Bulu,0787,70px-0787Tapu_Bulu.png,Grass,Fairy
Tapu Fini,0788,70px-0788Tapu_Fini.png,Water,Fairy
Cosmog,0789,70px-0789Cosmog.png,Psychic,
Cosmoem,0790,70px-0790Cosmoem.png,Psychic,
Solgaleo,0791,70px-0791Solgaleo.png,Psychic,Steel
Lunala,0792,70px-0792Lunala.png,Psychic,Ghost
Nihilego,0793,70px-0793Nihilego.png,Rock,Poison
Buzzwole,0794,70px-0794Buzzwole.png,Bug,Fighting
Pheromosa,0795,70px-0795Pheromosa.png,Bug,Fighting
Xurkitree,0796,70px-0796Xurkitree.png,Electric,
Celesteela,0797,70px-0797Celesteela.png,Steel,Flying
Kartana,0798,70px-0798Kartana.png,Grass,Steel
Guzzlord,0799,70px-0799Guzzlord.png,Dark,Dragon
Necrozma,0800,70px-0800Necrozma.png,Psychic,
Necrozma - Dusk Mane,0800,70px-0800Necrozma-Dusk_Mane.png,Psychic,Steel
Necrozma - Dawn Wings,0800,70px-0800Necrozma-Dawn_Wings.png,Psychic,Ghost
Magearna,0801,70px-0801Magearna.png,Steel,Fairy
Marshadow,0802,70px-0802Marshadow.png,Fighting,Ghost
Poipole,0803,70px-0803Poipole.png,Poison,
Naganadel,0804,70px-0804Naganadel.png,Poison,Dragon
Stakataka,0805,70px-0805Stakataka.png,Rock,Steel
Blacephalon,0806,70px-0806Blacephalon.png,Fire,Ghost
Zeraora,0807,70px-0807Zeraora.png,Electric,
Meltan,0808,70px-0808Meltan.png,Steel,
Melmetal,0809,70px-0809Melmetal.png,Steel,
Grookey,0810,70px-0810Grookey.png,Grass,
Thwackey,0811,70px-0811Thwackey.png,Grass,
Rillaboom,0812,70px-0812Rillaboom.png,Grass,
Scorbunny,0813,70px-0813Scorbunny.png,Fire,
Raboot,0814,70px-0814Raboot.png,Fire,
Cinderace,0815,70px-0815Cinderace.png,Fire,
Sobble,0816,70px-0816Sobble.png,Water,
Drizzile,0817,70px-0817Drizzile.png,Water,
Inteleon,0818,70px-0818Inteleon.png,Water,
Skwovet,0819,70px-0819Skwovet.png,Normal,
Greedent,0820,70px-0820Greedent.png,Normal,
Rookidee,0821,70px-0821Rookidee.png,Flying,
Corvisquire,0822,70px-0822Corvisquire.png,Flying,
Corviknight,0823,70px-0823Corviknight.png,Flying,Steel
Blipbug,0824,70px-0824Blipbug.png,Bug,
Dottler,0825,70px-0825Dottler.png,Bug,Psychic
Orbeetle,0826,70px-0826Orbeetle.png,Bug,Psychic
Nickit,0827,70px-0827Nickit.png,Dark,
Thievul,0828,70px-0828Thievul.png,Dark,
Gossifleur,0829,70px-0829Gossifleur.png,Grass,
Eldegoss,0830,70px-0830Eldegoss.png,Grass,
Wooloo,0831,70px-0831Wooloo.png,Normal,
Dubwool,0832,70px-0832Dubwool.png,Normal,
Chewtle,0833,70px-0833Chewtle.png,Water,
Drednaw,0834,70px-0834Drednaw.png,Water,Rock
Yamper,0835,70px-0835Yamper.png,Electric,
Boltund,0836,70px-0836Boltund.png,Electric,
Rolycoly,0837,70px-0837Rolycoly.png,Rock,
Carkol,0838,70px-0838Carkol.png,Rock,Fire
Coalossal,0839,70px-0839Coalossal.png,Rock,Fire
Applin,0840,70px-0840Applin.png,Grass,Dragon
Flapple,0841,70px-0841Flapple.png,Grass,Dragon
Appletun,0842,70px-0842Appletun.png,Grass,Dragon
Silicobra,0843,70px-0843Silicobra.png,Ground,
Sandaconda,0844,70px-0844Sandaconda.png,Ground,
Cramorant,0845,70px-0845Cramorant.png,Flying,Water
Cramorant - Gulping Form,0845,70px-0845Cramorant-Gulping.png,Flying,Water
Cramorant - Gorging Form,0845,70px-0845Cramorant-Gorging.png,Flying,Water
Arrokuda,0846,70px-0846Arrokuda.png,Water,
Barraskewda,0847,70px-0847Barraskewda.png,Water,
Toxel,0848,70px-0848Toxel.png,Electric,Poison
ToxtricityAmped Form,0849,70px-0849Toxtricity-Amped.png,Electric,Poison
Toxtricity - Low Key Form,0849,70px-0849Toxtricity-Low_Key.png,Electric,Poison
Sizzlipede,0850,70px-0850Sizzlipede.png,Fire,Bug
Centiskorch,0851,70px-0851Centiskorch.png,Fire,Bug
Clobbopus,0852,70px-0852Clobbopus.png,Fighting,
Grapploct,0853,70px-0853Grapploct.png,Fighting,
Sinistea,0854,70px-0854Sinistea.png,Ghost,
Polteageist,0855,70px-0855Polteageist.png,Ghost,
Hatenna,0856,70px-0856Hatenna.png,Psychic,
Hattrem,0857,70px-0857Hattrem.png,Psychic,
Hatterene,0858,70px-0858Hatterene.png,Psychic,Fairy
Impidimp,0859,70px-0859Impidimp.png,Dark,Fairy
Morgrem,0860,70px-0860Morgrem.png,Dark,Fairy
Grimmsnarl,0861,70px-0861Grimmsnarl.png,Dark,Fairy
Obstagoon,0862,70px-0862Obstagoon.png,Dark,Normal
Perrserker,0863,70px-0863Perrserker.png,Steel,
Cursola,0864,70px-0864Cursola.png,Ghost,
Sirfetch'd,0865,70px-0865Sirfetch%27d.png,Fighting,
Mr. Rime,0866,70px-0866Mr._Rime.png,Ice,Psychic
Runerigus,0867,70px-0867Runerigus.png,Ground,Ghost
Milcery,0868,70px-0868Milcery.png,Fairy,
AlcremieVanilla Cream,0869,70px-0869Alcremie.png,Fairy,
Falinks,0870,70px-0870Falinks.png,Fighting,
Pincurchin,0871,70px-0871Pincurchin.png,Electric,
Snom,0872,70px-0872Snom.png,Ice,Bug
Frosmoth,0873,70px-0873Frosmoth.png,Ice,Bug
Stonjourner,0874,70px-0874Stonjourner.png,Rock,
EiscueIce Face,0875,70px-0875Eiscue.png,Ice,
Eiscue - Noice Face,0875,70px-0875Eiscue-Noice.png,Ice,
IndeedeeMale,0876,70px-0876Indeedee-Male.png,Psychic,Normal
Indeedee - Female,0876,70px-0876Indeedee-Female.png,Psychic,Normal
MorpekoFull Belly Mode,0877,70px-0877Morpeko-Full.png,Electric,Dark
Morpeko - Hangry Mode,0877,70px-0877Morpeko-Hangry.png,Electric,Dark
Cufant,0878,70px-0878Cufant.png,Steel,
Copperajah,0879,70px-0879Copperajah.png,Steel,
Dracozolt,0880,70px-0880Dracozolt.png,Electric,Dragon
Arctozolt,0881,70px-0881Arctozolt.png,Electric,Ice
Dracovish,0882,70px-0882Dracovish.png,Water,Dragon
Arctovish,0883,70px-0883Arctovish.png,Water,Ice
Duraludon,0884,70px-0884Duraludon.png,Steel,Dragon
Dreepy,0885,70px-0885Dreepy.png,Dragon,Ghost
Drakloak,0886,70px-0886Drakloak.png,Dragon,Ghost
Dragapult,0887,70px-0887Dragapult.png,Dragon,Ghost
ZacianHero of Many Battles,0888,70px-0888Zacian-Hero.png,Fairy,
Zacian - Crowned Sword,0888,70px-0888Zacian.png,Fairy,Steel
ZamazentaHero of Many Battles,0889,70px-0889Zamazenta-Hero.png,Fighting,
Zamazenta - Crowned Shield,0889,70px-0889Zamazenta.png,Fighting,Steel
Eternatus,0890,70px-0890Eternatus.png,Poison,Dragon
Kubfu,0891,70px-0891Kubfu.png,Fighting,
UrshifuSingle Strike Style,0892,70px-0892Urshifu-Single_Strike.png,Fighting,Dark
Urshifu - Rapid Strike Style,0892,70px-0892Urshifu-Rapid_Strike.png,Fighting,Water
Zarude,0893,70px-0893Zarude.png,Dark,Grass
Regieleki,0894,70px-0894Regieleki.png,Electric,
Regidrago,0895,70px-0895Regidrago.png,Dragon,
Glastrier,0896,70px-0896Glastrier.png,Ice,
Spectrier,0897,70px-0897Spectrier.png,Ghost,
Calyrex,0898,70px-0898Calyrex.png,Psychic,Grass
Calyrex - Ice Rider,0898,70px-0898Calyrex-Ice_Rider.png,Psychic,Ice
Calyrex - Shadow Rider,0898,70px-0898Calyrex-Shadow_Rider.png,Psychic,Ghost
Wyrdeer,0899,70px-0899Wyrdeer.png,Normal,Psychic
Kleavor,0900,70px-0900Kleavor.png,Bug,Rock
Ursaluna,0901,70px-0901Ursaluna.png,Ground,Normal
Ursaluna - Bloodmoon,0901,70px-0901Ursaluna-Bloodmoon.png,Ground,Normal
BasculegionMale,0902,70px-0902Basculegion-Male.png,Water,Ghost
Basculegion - Female,0902,70px-0902Basculegion-Female.png,Water,Ghost
Sneasler,0903,70px-0903Sneasler.png,Fighting,Poison
Overqwil,0904,70px-0904Overqwil.png,Dark,Poison
EnamorusIncarnate Forme,0905,70px-0905Enamorus.png,Fairy,Flying
Enamorus - Therian Forme,0905,70px-0905Enamorus-Therian.png,Fairy,Flying
Sprigatito,0906,70px-0906Sprigatito.png,Grass,
Floragato,0907,70px-0907Floragato.png,Grass,
Meowscarada,0908,70px-0908Meowscarada.png,Grass,Dark
Fuecoco,0909,70px-0909Fuecoco.png,Fire,
Crocalor,0910,70px-0910Crocalor.png,Fire,
Skeledirge,0911,70px-0911Skeledirge.png,Fire,Ghost
Quaxly,0912,70px-0912Quaxly.png,Water,
Quaxwell,0913,70px-0913Quaxwell.png,Water,
Quaquaval,0914,70px-0914Quaquaval.png,Water,Fighting
Lechonk,0915,70px-0915Lechonk.png,Normal,
OinkologneMale,0916,70px-0916Oinkologne-Male.png,Normal,
Oinkologne - Female,0916,70px-0916Oinkologne-Female.png,Normal,
Tarountula,0917,70px-0917Tarountula.png,Bug,
Spidops,0918,70px-0918Spidops.png,Bug,
Nymble,0919,70px-0919Nymble.png,Bug,
Lokix,0920,70px-0920Lokix.png,Bug,Dark
Pawmi,0921,70px-0921Pawmi.png,Electric,
Pawmo,0922,70px-0922Pawmo.png,Electric,Fighting
Pawmot,0923,70px-0923Pawmot.png,Electric,Fighting
Tandemaus,0924,70px-0924Tandemaus.png,Normal,
MausholdFamily of Three,0925,70px-0925Maushold-Three.png,Normal,
Maushold - Family of Four,0925,70px-0925Maushold.png,Normal,
Fidough,0926,70px-0926Fidough.png,Fairy,
Dachsbun,0927,70px-0927Dachsbun.png,Fairy,
Smoliv,0928,70px-0928Smoliv.png,Grass,Normal
Dolliv,0929,70px-0929Dolliv.png,Grass,Normal
Arboliva,0930,70px-0930Arboliva.png,Grass,Normal
SquawkabillyGreen Plumage,0931,70px-0931Squawkabilly.png,Normal,Flying
Squawkabilly - Blue Plumage,0931,70px-0931Squawkabilly-Blue.png,Normal,Flying
Squawkabilly - Yellow Plumage,0931,70px-0931Squawkabilly-Yellow.png,Normal,Flying
Squawkabilly - White Plumage,0931,70px-0931Squawkabilly-White.png,Normal,Flying
Nacli,0932,70px-0932Nacli.png,Rock,
Naclstack,0933,70px-0933Naclstack.png,Rock,
Garganacl,0934,70px-0934Garganacl.png,Rock,
Charcadet,0935,70px-0935Charcadet.png,Fire,
Armarouge,0936,70px-0936Armarouge.png,Fire,Psychic
Ceruledge,0937,70px-0937Ceruledge.png,Fire,Ghost
Tadbulb,0938,70px-0938Tadbulb.png,Electric,
Bellibolt,0939,70px-0939Bellibolt.png,Electric,
Wattrel,0940,70px-0940Wattrel.png,Electric,Flying
Kilowattrel,0941,70px-0941Kilowattrel.png,Electric,Flying
Maschiff,0942,70px-0942Maschiff.png,Dark,
Mabosstiff,0943,70px-0943Mabosstiff.png,Dark,
Shroodle,0944,70px-0944Shroodle.png,Poison,Normal
Grafaiai,0945,70px-0945Grafaiai.png,Poison,Normal
Bramblin,0946,70px-0946Bramblin.png,Grass,Ghost
Brambleghast,0947,70px-0947Brambleghast.png,Grass,Ghost
Toedscool,0948,70px-0948Toedscool.png,Ground,Grass
Toedscruel,0949,70px-0949Toedscruel.png,Ground,Grass
Klawf,0950,70px-0950Klawf.png,Rock,
Capsakid,0951,70px-0951Capsakid.png,Grass,
Scovillain,0952,70px-0952Scovillain.png,Grass,Fire
Rellor,0953,70px-0953Rellor.png,Bug,
Rabsca,0954,70px-0954Rabsca.png,Bug,Psychic
Flittle,0955,70px-0955Flittle.png,Psychic,
Espathra,0956,70px-0956Espathra.png,Psychic,
Tinkatink,0957,70px-0957Tinkatink.png,Fairy,Steel
Tinkatuff,0958,70px-0958Tinkatuff.png,Fairy,Steel
Tinkaton,0959,70px-0959Tinkaton.png,Fairy,Steel
Wiglett,0960,70px-0960Wiglett.png,Water,
Wugtrio,0961,70px-0961Wugtrio.png,Water,
Bombirdier,0962,70px-0962Bombirdier.png,Flying,Dark
Finizen,0963,70px-0963Finizen.png,Water,
PalafinZero Form,0964,70px-0964Palafin.png,Water,
Palafin - Hero Form,0964,70px-0964Palafin-Hero.png,Water,
Varoom,0965,70px-0965Varoom.png,Steel,Poison
Revavroom,0966,70px-0966Revavroom.png,Steel,Poison
Cyclizar,0967,70px-0967Cyclizar.png,Dragon,Normal
Orthworm,0968,70px-0968Orthworm.png,Steel,
Glimmet,0969,70px-0969Glimmet.png,Rock,Poison
Glimmora,0970,70px-0970Glimmora.png,Rock,Poison
Greavard,0971,70px-0971Greavard.png,Ghost,
Houndstone,0972,70px-0972Houndstone.png,Ghost,
Flamigo,0973,70px-0973Flamigo.png,Flying,Fighting
Cetoddle,0974,70px-0974Cetoddle.png,Ice,
Cetitan,0975,70px-0975Cetitan.png,Ice,
Veluza,0976,70px-0976Veluza.png,Water,Psychic
Dondozo,0977,70px-0977Dondozo.png,Water,
TatsugiriCurly Form,0978,70px-0978Tatsugiri.png,Dragon,Water
Tatsugiri - Droopy Form,0978,70px-0978Tatsugiri-Droopy.png,Dragon,Water
Tatsugiri - Stretchy Form,0978,70px-0978Tatsugiri-Stretchy.png,Dragon,Water
Annihilape,0979,70px-0979Annihilape.png,Fighting,Ghost
Clodsire,0980,70px-0980Clodsire.png,Poison,Ground
Farigiraf,0981,70px-0981Farigiraf.png,Normal,Psychic
DudunsparceTwo-Segment Form,0982,70px-0982Dudunsparce.png,Normal,
Dudunsparce - Three-Segment Form,0982,70px-0982Dudunsparce-Three.png,Normal,
Kingambit,0983,70px-0983Kingambit.png,Dark,Steel
Great Tusk,0984,70px-0984Great_Tusk.png,Ground,Fighting
Scream Tail,0985,70px-0985Scream_Tail.png,Fairy,Psychic
Brute Bonnet,0986,70px-0986Brute_Bonnet.png,Grass,Dark
Flutter Mane,0987,70px-0987Flutter_Mane.png,Ghost,Fairy
Slither Wing,0988,70px-0988Slither_Wing.png,Bug,Fighting
Sandy Shocks,0989,70px-0989Sandy_Shocks.png,Electric,Ground
Iron Treads,0990,70px-0990Iron_Treads.png,Ground,Steel
Iron Bundle,0991,70px-0991Iron_Bundle.png,Ice,Water
Iron Hands,0992,70px-0992Iron_Hands.png,Fighting,Electric
Iron Jugulis,0993,70px-0993Iron_Jugulis.png,Dark,Flying
Iron Moth,0994,70px-0994Iron_Moth.png,Fire,Poison
Iron Thorns,0995,70px-0995Iron_Thorns.png,Rock,Electric
Frigibax,0996,70px-0996Frigibax.png,Dragon,Ice
Arctibax,0997,70px-0997Arctibax.png,Dragon,Ice
Baxcalibur,0998,70px-0998Baxcalibur.png,Dragon,Ice
GimmighoulChest Form,0999,70px-0999Gimmighoul.png,Ghost,
Gimmighoul - Roaming Form,0999,70px-0999Gimmighoul-Roaming.png,Ghost,
Gholdengo,1000,70px-1000Gholdengo.png,Steel,Ghost
Wo-Chien,1001,70px-1001Wo-Chien.png,Dark,Grass
Chien-Pao,1002,70px-1002Chien-Pao.png,Dark,Ice
Ting-Lu,1003,70px-1003Ting-Lu.png,Dark,Ground
Chi-Yu,1004,70px-1004Chi-Yu.png,Dark,Fire
Roaring Moon,1005,70px-1005Roaring_Moon.png,Dragon,Dark
Iron Valiant,1006,70px-1006Iron_Valiant.png,Fairy,Fighting
KoraidonApex Build,1007,70px-1007Koraidon.png,Fighting,Dragon
MiraidonUltimate Mode,1008,70px-1008Miraidon.png,Electric,Dragon
Walking Wake,1009,70px-1009Walking_Wake.png,Water,Dragon
Iron Leaves,1010,70px-1010Iron_Leaves.png,Grass,Psychic
Dipplin,1011,70px-1011Dipplin.png,Grass,Dragon
Poltchageist,1012,70px-1012Poltchageist.png,Grass,Ghost
Sinistcha,1013,70px-1013Sinistcha.png,Grass,Ghost
Okidogi,1014,70px-1014Okidogi.png,Poison,Fighting
Munkidori,1015,70px-1015Munkidori.png,Poison,Psychic
Fezandipiti,1016,70px-1016Fezandipiti.png,Poison,Fairy
OgerponTeal Mask,1017,70px-1017Ogerpon-Teal_Mask.png,Grass,
Ogerpon - Wellspring Mask,1017,70px-1017Ogerpon-Wellspring_Mask.png,Grass,Water
Ogerpon - Hearthflame Mask,1017,70px-1017Ogerpon-Hearthflame_Mask.png,Grass,Fire
Ogerpon - Cornerstone Mask,1017,70px-1017Ogerpon-Cornerstone_Mask.png,Grass,Rock
Archaludon,1018,70px-1018Archaludon.png,Steel,Dragon
Hydrapple,1019,70px-1019Hydrapple.png,Grass,Dragon
Gouging Fire,1020,70px-1020Gouging_Fire.png,Fire,Dragon
Raging Bolt,1021,70px-1021Raging_Bolt.png,Electric,Dragon
Iron Boulder,1022,70px-1022Iron_Boulder.png,Rock,Psychic
Iron Crown,1023,70px-1023Iron_Crown.png,Steel,Psychic
TerapagosNormal Form,1024,70px-1024Terapagos.png,Normal,
Terapagos - Terastal Form,1024,70px-1024Terapagos-Terastal.png,Normal,
Pecharunt,1025,70px-1025Pecharunt.png,Poison,Ghost
